,episode_idx,topic,round,message,response,knowledge,gold,Q2
3,3,Chihuahua (dog),3,"Yep, they get a bad rap about their demeanor too. Most people say they're mean but one of mine is the sweetest ever.",The Chihuahua () is the smallest breed of dog and is,The Chihuahua () is the smallest breed of dog and is named after the state of Chihuahua in Mexico.,"Yeah their history is shrouded in mystery, but the breed originated in Mexico.",1.0
12,12,Discovery Channel,4,It was? I haven't been around for long enough to have seen that.,The Discovery Channel is an American basic cable and satellite television channel. It is the flagship television property,"Discovery Channel (known as The Discovery Channel from 1985 to 1995, and often referred to as simply Discovery) is an American basic cable and satellite television channel (which is also delivered via IPTV, terrestrial television and internet television in other parts of the world) that is the flagship television property of Discovery Communications, a publicly traded company run by CEO David Zaslav.","itspopular too, discovery channel is the third most distributed on cabel",1.0
16,16,Elvis Presley,4,Can you tell me more about that magazine?,"Wizard: Yes, I love classic rock, especially from the 50s. Rock N Roll Experience","Hard rock developed into a major form of popular music in the 1970s, with notable bands such as AC/DC, the Who, Led Zeppelin, Queen, Black Sabbath, Deep Purple, Aerosmith, KISS and Van Halen.","They started in 1992, and have done colorful interviews with bands like KISS",0.0
17,17,Bowling,3,"Yeah, its sort of an older persons activity like bingo, it's not so much that younger people cant do it, its just not the primary audience","Let's Go Bowling has shared the stage with many diverse musical acts, including No Dou","Let's Go Bowling has shared the stage with many diverse musical acts, including No Doubt, Pearl Jam, Goo Goo Dolls, Men at Work, The English Beat, Steel Pulse, Busta Rhymes, The Skatalites, Reel Big Fish, Reverend Horton Heat, Fishbone, The Untouchables, Cherry Poppin' Daddies, Tokyo Ska Paradise Orchestra, Moe., the Young Dubliners, and Shaggy.","That reminds me, have you ever heard of the band Let's Go Bowling? It's a ska band from California.",0.5
24,24,Dylan's Candy Bar,3,They have everything! i just love it,"Dylan Lauren was featured on the cover of the May 2011 ""Forbes"" magazine for inherit","Founder Dylan Lauren was featured on the cover of the May 2011 ""Forbes"" magazine for inheriting her father's entrepreneurial genes.",Yes Ralph Laurens daughter Dylan  Lauren owns them,1.0
34,34,Harry Potter,3,Harry Potter is a series of fantasy novels written by British author J. K. Rowling,Harry Potter is a series of fantasy novels written by British author J. K. Rowling,"The novels chronicle the life of a young wizard, Harry Potter, and his friends Hermione Granger and Ron Weasley, all of whom are students at Hogwarts School of Witchcraft and Wizardry.",It must be very popular to have sold more than 500 million copies around the world. It has been translated to 73 languages!,0.0
43,43,Harry Potter,3,Was he born a wizard?,Harry Potter is a series of fantasy novels written by British author J. K. Rowling,Harry Potter is a series of fantasy novels written by British author J. K. Rowling.," As far as the main story arc concerns, he was and he went to wizard school to improve himself.",1.0
48,48,Nickelback,4,Good buddy.what special in album,"Wizard is going to see Nickelback soon. Nickelback is from Hanna, Alberta Canada and","Nickelback is one of the most commercially successful Canadian groups, having sold more than 50 million albums worldwide and ranking as the eleventh best-selling music act, and the second best-selling foreign act in the U.S. of the 2000s, behind The Beatles.","They released a great album called ""The State"" in 2000 album and it achieved commercial success",1.0
60,60,Game design,3,"Educational, primarily for grade school age children. And yes, they are officially *enmeshed* in our culture for better or worse. I try to work for the better!","Apprentice: I design educational games for grade school age children. And yes, they are officially *","The independent game industry has seen a substantial rise in recent years with the growth of new online distribution systems, such as Steam and Uplay, as well as the mobile game market, such as for Android and iOS devices.","What platforms do you design games for -- PCs, video game consoles, etc.?",0.0
61,61,John Grisham,4,It seems like he excelled at everything he does.  What are some of his more well known books?,"John Grisham's first bestseller, ""The Firm"", sold more than seven million","Grisham's first bestseller, ""The Firm"", sold more than seven million copies.","He has a bunch! The Chamber, The Client, A Painted House, The Pelican Brief, The Runaway Jury, A Time to Kill!",0.25
72,72,Skittles (sport),4,"Oh, that is actually really neat. Is it still played a lot in Europe?","Skittles is an Old European lawn game, kinda like ten-pen bowling","In Catalonia, ""bitlles"", a local version of this game was formerly popular.",Yes it is! It is a popular indoor place game. ,0.22222222222222224
75,75,Instagram,3,I use Instagram but mostly to follow people that I like. I rarely share anything though,Apprentice: I use Instagram but mostly to follow people that I like. I rarely share anything though,It is owned by Facebook.,I'm the same way. I do like the filters that I can add to my photos in Instagram though! It's fun to play around with them.,0.0
77,77,John Grisham,3,I haven't read anything by him but I remember the movies for both a time to kill and the firm.,"John Grisham's first bestseller, ""The Firm"", sold more than seven million","Grisham's first bestseller, ""The Firm"", sold more than seven million copies.",I'm not surprised that he writes crime novels since he practiced criminal law for about a decade,0.25
99,99,Thierry Henry,4,Wow! I bet he is really good at what he is doing. How old is he?,Thierry Henry is a former French soccer player who is currently a 2nd assistant manager,At international level he represented France and is his country's record goalscorer.,He was born on 17 August 1977 which makes him 40 years old. Do you like watching soccer?,0.0
102,102,Bowling,3,me too! I struggle to get strikes every time but I get lots of spares!,Apprentice and Wizard love bowling.,It is one of the major forms of throwing sports.,"I think it's really fun to get strikes. In 10 pin bowling, getting the highest score is key",0.0
103,103,Green,4,When I think of green I think of golf.  Like a putting green!,Wizard: I think of golf. Like a putting green!,Chromium is a chemical element with symbol Cr and atomic number 24.,"Not only are golf courses green, but so are some minerals - particularly the  emerald, which is colored green by its chromium content.",0.0
112,112,Cardigan (sweater),4,So buttons mean robe and ties mean cardigan? So they're very similar to one another!,"Coco Chanel is credited with popularizing cardigans for women because ""she hated","Coco Chanel is credited with popularizing cardigans for women because ""she hated how tight-necked men’s sweaters messed up her hair when she pulled them over her head.""",Actually the opposite. Cardigans have buttons but they are indeed a very similar garment.,1.0
121,121,The Walking Dead (TV series),4,"A comic? I had no idea! I don't care for comics much, but my nephew loves them!",Wizard: I'm a big fan of the TV show The Walking Dead. Have you,The Walking Dead is an ongoing black-and-white comic book series created by writer Robert Kirkman and artist Tony Moore.,"Yep, the comics it was based on were written by Robert Kirkman, who also has a lot of control over the TV show and has written several episodes.",0.0
123,123,Broken heart,3,He lost his girlfriend to cancer,Apprentice: My little brother has a broken heart and I dont know how to help him.,"The emotional ""pain"" of a broken heart is believed to be part of the survival instinct.","Emotional pain from a broken heart can cause ""broken heart syndrome"" if it gets sever enough. Hes going to need a lot of support.",0.0
125,125,John Grisham,4,Really? He must be worth a fortune. Have you read any?,"John Ray Grisham Jr. is an American bestselling writer, attorney, politician and","A Galaxy British Book Awards winner, Grisham is one of only three authors to sell 2 million copies on a first printing.","I've read his first novel, ""A Time to Kill,"" was published in June 1989",0.08333333333333334
128,128,Chihuahua (dog),3,What colors are they?,Chihuahuas are of a variety of colors. They are ,"The most common theory is that Chihuahuas are descended from the ""Techichi"", a companion dog favored by the Toltec civilization in Mexico.",I could not recollect it. I am not very good with colors. But i learnt he bought it in Mexico which is where the breed originated,0.0
131,131,Instagram,3,What kind of photos do people share?,Instagram is an Internet-based photo-sharing application.,"They can add hashtags to their posts, linking the photos up to other content on Instagram featuring the same subject or overall topic.","All sorts of photos - of themselves, or their vacation, or their animals, and lots more!  There's even an Android version that came out in 2012",0.0
139,139,Archery,4,Do you know when that happened?,The earliest crossbows in the world were invented in ancient China and caused a major,The earliest crossbows in the world were invented in ancient China and caused a major shift in the role of projectile weaponry.,"You know what, I can't remember. But I know the Sagittarius constellation is in the center of the Milky Way!",0.23529411764705882
142,142,Archery,3,It is. Are there different types of archery bows?,"Apprentice: Yes, there are different types of archery bows.","The oldest signs of its use in Europe come from the in the north of Hamburg, Germany and dates from the late Paleolithic, about 10,000–9000 BC.","well the compsite bows are the traditional bows that are made from horn, wood and sinew laminated together.",0.0
145,145,Elvis Presley,3,"Oh, I didn't know that! Do you know any movies he acted in?","Elvis Presley was an actor too. He acted in ""Jailhouse Rock""","""Jailhouse Rock"" is a song written by Jerry Leiber and Mike Stoller that first became a hit for Elvis Presley.",Have you heard of Jailhouse Rock 1957? Elvis's career as a singer  began there in 1954.,0.19999999999999998
152,152,Chihuahua (dog),3,I think it's their Mexican heritage that makes them stand out. What kind of dogs did you have?,Wizard: I had a Chihuahua when I was young. It,The Miniature Pinscher (Zwergpinscher or Min Pin) is a small breed of dog originating from Germany.,I had a beagle mix that died. The dog was the first to be domesticated and has been bred for a millenia for vaious capabilities.,0.0
157,157,Irish coffee,4,"That is really, really, interesting. What a smart decision by him, as I'm sure many people would have requested that. Anything else that would make it sound yummy?",Wizard: Well it is supposedly invented by Joe Sheridan who was the head chef at,"""Irish coffee"" is also sometimes used colloquially to refer to any alcoholic coffee drink.",Well it was brought to the US by Stanton Delaplane who drank it too much and passed out one night. ,0.0
158,158,Genghis Khan,3,How did he started his empire ?,"He founded the Empire and was proclaimed ""Genghis Khan"", he launched the Mon","After founding the Empire and being proclaimed ""Genghis Khan"", he launched the Mongol invasions that conquered most of Eurasia.","Very interesting, his strategy was by uniting all the  nomadic tribes of  Northeast Asia",0.0
166,166,Elvis Presley,4,So sad that such a talent left so early. Do you happen to know what his first big seller was?,"""Heartbreak Hotel""","Presley's first RCA single, ""Heartbreak Hotel"", was released in January 1956 and became a number one hit in the United States.","Well his music career really started in 1954 at Sun Records, where he wanted to bring the sound of African American music to a wider audience.",0.2666666666666667
175,175,Bodybuilding supplement,4,Were there any other herbal uses?,Wizard: A lot of herbal concoctions were used to help with strength and stamin,"He left Prussia in 1885 to avoid military service and traveled throughout Europe, becoming a circus athlete and adopting Eugen Sandow as his stage name.",I'm not really sure. Bodybuilding has been around for a long time. Eugen Sandow was the first in the West.,0.0
189,189,Hot dog,3,I had a friend who used to do inspections in hot dog manufacturing facilities and he said to never eat one.  What are they made of anyway?,Apprentice: I'm disgusted by hotdogs. Wizard: I am too.,A follower of either the diet or the philosophy is known as a vegan ( ).,They basically grind all this meat and fat and bones and all kind of animal pieces. Bleck. They started becoming popular because of baseball. They are actually a Class 1A carcinogen-cancer causer.,0.0
214,214,Archery,3,I would think I would get in trouble shooting at people. Perhaps for self defense is OK.,Apprentice: I'd like to learn how to do archery.,"In modern times, it is mainly a competitive sport and recreational activity.","Well if you consider that historically it's used for hunting and combat, people have been shot with arrows - I mean look at Hawkeye!  He's the ultimate archery master!",0.0
216,216,Elvis Presley,3,"He is starting to be but I don't know much, why is he the King of Rock and Roll?","Elvis Presley's first RCA single, ""Heartbreak Hotel"", was released in","Presley's first RCA single, ""Heartbreak Hotel"", was released in January 1956 and became a number one hit in the United States.","He was a singer who skyrocketed rockabilly music into the charts worldwide, combining his singing with his band's talent.",0.2666666666666667
223,223,Bowling,4,Yes I do it is hard though because there's ten.,"Apprentice: Yes, I do. I have a bowling ball.","Three consecutive strikes is a known as a ""turkey"".",Yea do you play on a wood structure or syntheic.,0.0
225,225,John Grisham,3,I didnt know that didn't they make a movie about that book?,"John Grisham's first bestseller ""The Firm"" sold more than 7 million copies","Eight of his other novels have also been adapted into films: ""The Chamber"", ""The Client"", ""A Painted House"", ""The Pelican Brief"", ""The Rainmaker"", ""The Runaway Jury"", ""Skipping Christmas"", and ""A Time to Kill"".","Yes it was adapted into a film in 1993, starring Tom Cruise. He's had several books adapted into films",0.0
226,226,Green,3,why are plants green?,The color green is well known as the color of Ireland and Gaelic culture. It is,It is evoked by light which has a dominant wavelength of roughly 495570 nm.,"Chlorophyll is the reason why plants are green, it is also the chemical that converts sunlight into chemical energy.",0.0
234,234,Skiing,4,Oh ok what do they call it when you ski on one ski?,Wizard: Water skiing.,"Although modern skiing has evolved from beginnings in Scandinavia, it may have been practiced more than 100 centuries ago in what is now China, according to an interpretation of ancient paintings.","I'm not sure if I ever heard of skiing on only one ski, but I do know there is Asymmetrical skis that were used until 19th century Sweden.",0.0
239,239,Goldendoodle,4,"Ah, I see. Are they typically friendly? Would you recommend a Goldendoodle to someone who's not particularly good with dogs?","The Goldendoodle is a cross breed dog, which is obtained by breeding a Golden","The Goldendoodle is a cross-breed dog, which is obtained by breeding a Golden Retriever with a Poodle.","the Goldendoodle is a super friendly dog breed, Goldens are the nicest dogs ever",0.5
247,247,Ireland,4,Sounds great! have you been?,"Wizard's wife is from Ireland, the island in the North Atlantic. It is the second","The island has lush vegetation, a product of its mild but changeable climate which is free of extremes in temperature.",Yes I went there last year and got to see relatively low-lying mountains surrounding a central plain,0.0
249,249,Kendrick Lamar,4,"interesting, what else can you tell me about him?",Kendrick Lamar is an American rapper and songwriter. He began to gain recognition in,"He began to gain recognition in 2010, after his first retail release, ""Overly Dedicated"".","He was raised in Compton, California, Lamar embarked on his musical career as a teenager under the stage name K-Dot",0.0
250,250,Dylan's Candy Bar,3,"I know, the candy is so tastey.",Dylan's Candy Bar is a chain of boutique candy shops and candy supplier currently located in,"Dylan's Candy Bar is a chain of boutique candy shops and candy supplier currently located in New York City; East Hampton, New York; Los Angeles, Chicago and Miami Beach, as well as in wholesale venues around the globe.",Yes! And beautiful too. I almost feel bad eating them - like little works of art.,1.0
251,251,Elvis Presley,3,so you think he is dead?,"Elvis Aaron Presley was born in Tupelo, Mississippi, and relocated to Memphis,","Presley was born in Tupelo, Mississippi, and relocated to Memphis, Tennessee, with his family when he was 13 years old.","Sure. I believe the ""King of Rock and Roll"" is dead. He is a huge cultural icon of the 20th century.",0.5
255,255,Elvis Presley,4,What was elvis's most popular songs?,"Elvis Presley was born in Tupelo, Mississippi, and then to Memphis.","With a series of successful network television appearances and chart-topping records, he became the leading figure of the newly popular sound of rock and roll.",Heartbreak Hotel was a number one hit in the USA,0.0
257,257,Goldendoodle,3,"oh cool, i'm so curious to know more about this dog. my friend got one but i don't think i've ever seen one",The Golden Doodle is a cross breed dog.,Poodles are considered to be hypoallergenic.,The golden doodle was first bred by monica dickens in 1969,0.0
259,259,Harry Potter,3,I saw a few of the films and enjoyed them. Did Rowling write all the books?,JK Rowling wrote all the books.,", the books have sold more than 500 million copies worldwide, making them the best-selling book series in history, and have been translated into seventy-three languages.",Yes she wrote all of them - and they have sold more than 400 million copies!,0.0
260,260,Dylan's Candy Bar,3,No never been there. Never tried this candy bar either.,"Dylans candy bar is a chain in New York and Miami, owned by Dylan Lauren,","It is owned by Dylan Lauren, daughter of fashion designer Ralph Lauren.","Not a candy bar its a store with locations in Hamptons, Los Angeles, Chicago ",0.5
269,269,John Grisham,3,Tell me about some of his thrillers,"John grisham is a bestselling writer, attorney and politician. He's best known",He practiced criminal law for about a decade and served in the House of Representatives in Mississippi from January 1984 to September 1990.,"His very first  novel, ""A Time to Kill"" was published in June of 1989, 4 years after he started writing it.",0.0
273,273,Hot dog,4,LOL! What other quick meals do you like? For example grilled cheese with chips?,Wizard: I love a good hotdog! It's a delicious sausage sandwich.,"""Grilled Cheesus"" is the third episode of the second season of the American television series ""Glee"", and the twenty-fifth episode overall.",i love buter on my grilled cheese!,0.0
278,278,Elvis Presley,4,"yep the King of Rock, You know some of his movies were cheesy but I do enjoy watching them",Wizard: Elvis Presley is a great singer. Apprentice: I agree. I haven,no_passages_used,"I don't think I've ever seen one.  I love how Forrest Gump inspires Elvis to make his signature move, though.",0.0
284,284,American football,3,Sorry I meant American football,"Apprentice: Oh, I meant American football.",no_passages_used,Football and Rugby share origins but not are too similar when played.,0.0
286,286,Ireland,3,I didn't realize that Ireland was Island,"Wizard: Yes, I've heard that Ireland is an island in the North Atlantic.","The island has lush vegetation, a product of its mild but changeable climate which is free of extremes in temperature.",It is indeed an island!  And it is the third-largest island in Europe!,0.0
293,293,"On-again, off-again relationship",3,"I don't know if I trust him anymore, but I still love him.",Apprentice: My boyfriend broke up with me for like the tenth time. Wizard: He,no_passages_used,The relationship can be confusing.,0.0
297,297,Green,3,"Yellow is for sure a color I dislike, maybe that's why my view on green changes so much.  You know anything else on it?",The color green is the only one that changes back and forth to love and hate. What',"For this reason, the costume of the ""Mona Lisa"" by Leonardo da Vinci and the benches in the British House of Commons are green while those in the House of Lords are red.",Im not too sure. Many wild animals have adapted to their green environments by learning how to camoflauge themselves,0.2
298,298,The Walking Dead (TV series),3,Ya I actually used to only live like an hour from the set,"Andy's favorite toy is a 1950s old traditional pull string cowboy doll,","Voiced by:  Sheriff Woody Pride is a 1950s old traditional pull string cowboy doll, and Andy's favorite toy.","Oh thats nice!  What town around the ""New South"" did you live?",0.0
300,300,Thierry Henry,4,Oh okay! I couldn't recall the name association football! Thierry Henry sounds like quite an amazing player! Is he still playing?,"Thierry Henry is a retired French professional footballer. He played for Monaco, Juventus,","Under long-time mentor and coach Arsène Wenger, Henry became a prolific striker and Arsenal's all-time leading scorer with 228 goals in all competitions.","No.. in fact, he's a French association football coach now! And he was--in both 2003 and 2004, he as the runner-up for FIFA World Player of the Year, so that gives you an idea of his skill. Also won two league titles and three FA Cups. Partly why I like him is I'm part French, and he represented us well at the international level, and is our leading goalscorer, too.",0.3333333333333333
303,303,American football,4,Ok in order to score what else ?,Wizard: The defense takes the ball and tries to stop it.,"American football, referred to as football in the United States and Canada, and also known as gridiron football or simply gridiron, is a team sport played by two teams of eleven players on a rectangular field with goalposts at each end.",Well in American football the opposing sports teams try to get the ball from each other and tackle other players,0.0
305,305,Game design,4,PC Nation man. But I grew up playing PlayStation and Nintendo. ,Apprentice: PC Nation man. But I grew up playing PlayStation and Nintendo.,"Originally released in March 2006 for the PlayStation 2, Xbox and Microsoft Windows, it was later released for the PlayStation Portable as The Godfather: Mob Wars, Xbox 360 as The Godfather: The Game, Wii as The Godfather: Blackhand Edition, and PlayStation 3 as The Godfather: The Don's Edition.","Awesome, Playstation was released in 1995, which version did you play?",0.0
310,310,Elvis Presley,3,"He was born in Tupelo, Miss, where I am from, but then moved to Memphis, Tenn. where he began his career singing","Elvis Presley was born in Tupelo, Mississippi, on January 8, 1935. He moved","Presley's first RCA single, ""Heartbreak Hotel"", was released in January 1956 and became a number one hit in the United States.","Yes he moved with his family when he was 13 years old, and his career began there at Sun Records with Sam Phillips!",0.0
313,313,Kurt Cobain,4,I was just a little bit too young at the time to really experience Nirvana has it happened. Were you old enough at the time?,"Kurt Cobain was found dead at his home in Seattle on April 8, 1994. The","On April 8, 1994, Cobain was found dead at his home in Seattle; the death was ruled a suicide by a self-inflicted shotgun wound to the head.",nah Im a early 20s college student but Nirvana has still had a pretty large lasting impact on the industry. Ever since Cobain committed suicide via shotgun though it came crumbling down sadly.,1.0
321,321,Accounting,3,"That's right!  I am called an accountant.  There are a lot of jobs in this field.  You can work in various fields, whether it's auditing, tax, bookkeeping, consulting and industry jobs.","Apprentice: Yes, I work in the field of accounting.","In the United States, a tax is imposed on income by the federal government, most state governments, and many local governments.",So you can say that you are in one of the most ancients jobs! accounting can be traced to ancient civilizations!,0.0
323,323,Harry Potter,3,It glorifies witch craft ,"Apprentice: I don't like Harry Potter, it glorifies witch craft.","The novels chronicle the life of a young wizard, Harry Potter, and his friends Hermione Granger and Ron Weasley, all of whom are students at Hogwarts School of Witchcraft and Wizardry.","of course it does, harry potter, the novel  chronicle the life of a young wizard, Harry Potter, and his friends Hermione Granger and Ron Weasley",0.0
326,326,Instagram,3,"Oh, I didn't realize that. What do you like about Instagram?","Instagram is a mobile, desktop, and Internet-based photo-sharing application and service that","Instagram is a mobile, desktop, and Internet-based photo-sharing application and service that allows users to share pictures and videos either publicly, or privately to pre-approved followers.",I like that you can easily share photos without a clunky interface. It is basically a photo and video service. ,1.0
331,331,The Walking Dead (TV series),4,What happens when he awakes? What does he do?,Rick awakens from a coma to find a world overrun by zombie,The storyline of the game dictates that players begin as Humans and try to survive a Zombie invasion.,"who awakens from a coma discovering a world overrun by zombies, they struggle to survive the territory infested with zombies",0.0
337,337,Dylan's Candy Bar,3,Who founded it?,"Dylan Lauren, daughter of fashion designer Ralph Lauren.","It is owned by Dylan Lauren, daughter of fashion designer Ralph Lauren.",It is owned Dylan Lauren,1.0
338,338,Guns N' Roses,4,oh!1what type of music you love????,Wizard is listening to Guns & Roses. Apprentice likes it very much.,"Guns N' Roses' debut album, ""Appetite for Destruction"" (1987), reached number one on the ""Billboard"" 200 a year after its release, on the strength of ""Sweet Child o' Mine"", the band's only single to reach number one on the ""Billboard"" Hot 100.",Guns and Roses sold more than a hundred million albums world wide,0.0
344,344,Cheerleading,4,"Really, that is awesome, Are there any popular cheerleading teams or squads?",Wizard: The Dallas Cowboys Cheerleaders are widely regarded as one of the,The Dallas Cowboys Cheerleaders are widely regarded as one of the best cheerleading squads in the NFL.,"There are many different ones. Cheerleading gained popularity after the global presentation led by the 1997 broadcast of ESPNs International Cheer competition and the release of the movie ""Bring it On"" in 2000.",0.0
345,345,Gymnastics,3,Yes It helps me stay in really good shape.,Apprentice: I have been a gymnast for 15 years. Wizard: Wow! That',"Alertness, precision, daring, self-confidence and self-discipline are mental traits that can also be developed through gymnastics.","Oh yeah, the movement involved give a lot of exercise to the arms, legs, shoulderss and back. A total body workout!  ",0.0
352,352,Dylan's Candy Bar,3,I didn't know that.  How long have they been around?,Dylan's Candy Bar is a chain of boutique candy shops and candy. Lauren was,"Lauren was inspired to create the store, which is asserted to be the ""largest unique candy store in the world"", by the Roald Dahl story of ""Willy Wonka & the Chocolate Factory"".","I'm not sure but it was founded by Dylan Lauren, daughter of fashion designer Ralph Lauren.",0.0
373,373,Cardigan (sweater),3,"I didn't know there was a modern version and an old version, what was the old version like?","Coco Chanel is credited with popularizing cardigans for women because ""she hated","Coco Chanel is credited with popularizing cardigans for women because ""she hated how tight-necked men’s sweaters messed up her hair when she pulled them over her head.""","The old version is the regular one, knitted garment that has open front and buttons!",1.0
374,374,Bowling,4,"I am sure he did, I know a few people who have, so a pro must do it pretty often!",Earl Anthony was a famous bowler. The maximum score is 300 which is 12 strikes in,"The term ""hambone"" has also been used to describe four consecutive strikes.","Yes i cant say i relate to those pros lol! Little known fact, three consecutive strikes is actually known as ""turkey."" Very silly if you ask me.",0.0
385,385,Music festival,3,"So, have you ever been to music festival?","Apprentice: Yes, I have been to a music festival.","A music festival is a community event oriented towards live performances of singing and instrument playing that is often presented with a theme such as musical genre (e.g., blues, folk,  jazz, classical music), nationality, or locality of musicians, or holiday.","Nope, but I would really like to. I'm scared of getting too hot, it's outdoors so there's a chance.",0.0
386,386,Elvis Presley,4,Me too. I remember he was very popular. Did he have a lot of big hits?,"Elvis Presley's first RCA single, ""Heartbreak Hotel"", was released in","Presley's first RCA single, ""Heartbreak Hotel"", was released in January 1956 and became a number one hit in the United States.","Yes, he had tons. Rock and roll was a new thing back then, and he had a bunch of chart-topping records.",0.2666666666666667
387,387,Cardigan (sweater),3,What else can you tell me about them?,The cardigan is a type of knitted garment.,"The cardigan was named after James Brudenell, 7th Earl of Cardigan, a British Army Major General who led the Charge of the Light Brigade at the Battle of Balaclava during the Crimean War.",garment has no buttons and hangs open by design,0.0
394,394,Bowling,3,"Oh no, me either! I use the bumpers even as an adult because I think it makes the game more exciting to not gutterball every move!",Wizard: I'm sure you've heard of bowling. It's a,"A bowling alley (or bowling center) is a facility where the sport of bowling, often ten-pin bowling, takes place.",I'm very terrible at it and only play for fun. I do score points somehow though. ,1.0
396,396,Nickelback,4,I'm dead serious. Do you know what year they formed?,"Nickelback was formed in Alberta, Canada in 1994.","The band is composed of guitarist and lead vocalist Chad Kroeger, guitarist, keyboardist and backing vocalist Ryan Peake, bassist Mike Kroeger, and drummer Daniel Adair.","Wow! Nickelback formed in 1995.""Billboard"" ranked Nickelback as the most successful rock group of the 2000s!",0.0
398,398,Harry Potter,4,"Oh yea, thats right.  What does J.K stand for?",J.K. Rowling is a British author.,"The novels chronicle the life of a young wizard, Harry Potter, and his friends Hermione Granger and Ron Weasley, all of whom are students at Hogwarts School of Witchcraft and Wizardry.",It is her pen name but it stands for Joanne Rowling,0.0
402,402,Green,4,Yes I do is red,"Apprentice has a favorite color, red.",no_passages_used,"My other one is purple, red doesn't look good with my skin tone. Red used to be the color of nobility though!",0.0
403,403,Elvis Presley,4,I know. I can't believe how well known and popular he still is and has so many impersonators. ,Wizard: Elvis is a legend and icon of the 20th century. He was referred,"Contrary to popular belief, Elvis impersonators have existed since the mid-1950s, just after Elvis began his career.",What impresses me that a lot of Elvis impersonators actually sing his songs. I bet that's tough!,0.0
405,405,Hunting,4,"Yes I make my own sausage with deer meat and half pork it is very heart healthy and delicious, seasoned with red pepper","Apprentice: Yes, I make my own sausage with deer meat and half pork. It is","However, excessive hunting has also heavily contributed to the endangerment, extirpation and extinction of many animals.","Sounds delicious, Hunting can also be a means of pest control, do you hunt for that?",0.0
408,408,Cheerleading,3,where was it started?,"Cheerleading is an activity wherein the participants (referred to as ""cheerleaders","It can be performed to motivate sports teams, entertain the audience, or for competition.","Im not sure, from chanting slogans to intense physical activity it is fun!",0.0
410,410,Popcorn,4,i guess if you going to cut out starches it would make sense not to eat popcorn,"Wizard: I hate popcorn, cause it come from corn kernels. Apprentice: Really? I","The six major types of corn are dent corn, flint corn, pod corn, popcorn, flour corn, and sweet corn.",I also do not like the fact that a popcorn puff is 20 to 50 times the size of the original kernel.,0.0
411,411,Chihuahua (dog),3,"Yeah, I imagined they would come from Mexico. I still don't understand why they're so small, though. Did they just get bred that way somehow?",The Techichi is a dog that was a favorite of the Toltec civil,"No records of the Techichi are available prior to the 9th century, although dog pots from Colima, Mexico, buried as part of the western Mexico shaft tomb tradition which date back to 300 BC are thought to depict Techichis.","Well the earliest evidence show that they were around in 100 AD, so as far as breeding I do not know",0.0
412,412,Broken heart,4,What lead to the distress?where you jilted ?,Wizard: I have been hurt severally from a broken relationship. Emotional pain that,"The concept is believed to be universal, with many cultures using the same words to describe both physical pain and the feelings associated with relationship loss.","Not really, I left, it is believed to be part of the survival instinct.",0.5
414,414,Green,4,"Oh that sounds interesting, can you tell me more about plants and chlorophyll?","Wizard: Well, chlorophyll is the chemical that plants use for energy.",It is evoked by light which has a dominant wavelength of roughly 495570 nm.,"You might what to ask someone knowledgeable on those subjects. Since you are curious about green, There are minerals like the Emerald that take on the green color.",0.0
415,415,Bowling,4,Oh wow I have never heard that before.  I didn't know they had special names for them,Wizard: I've never heard of that before. I'd love to even get three,"The most common types of pin bowling include ten-pin, nine-pin, candlepin, duckpin and five-pin bowling, while in target bowling, bowls, skittles, kegel, bocce, carpet bowls, pétanque, and boules, both indoor and outdoor varieties are popular.","Yeah the names are quite weird too, like four strikes in a row is called a hambone.",0.0
417,417,John Grisham,4,That is a lot of languages.,"Wizard: He's the author John Ray Grisham Jr., born February 8,",Its western border is formed by the Mississippi River.,Yeah and it also means that a lot of people like he's books also. He actually graduated from Mississippi State University before attending the University of Mississippi School of Law in 1981,0.0
418,418,Harry Potter,3,I have not. She is such a great writer though so I am sure it is all great. ,"J. K. Rowling was born in Yate, Gloucestershire, England, and","Born in Yate, Gloucestershire, England, Rowling was working as a researcher and bilingual secretary for Amnesty International when she conceived the idea for the ""Harry Potter"" series while on a delayed train from Manchester to London in 1990.",I'm actually a fan of her poetry more then her Harry potter books even if  they did sell more then 400 Million copies.,0.0
424,424,Elvis Presley,4,"Wow, I really didn't know that about him. What else do you know about Elvis then?","Elvis Presley was an American singer, musician, and actor.","His music career began there in 1954, recording at Sun Records with producer Sam Phillips, who wanted to bring the sound of African American music to a wider audience.","He was born in Tupelo, Mississippi but then moved to Memphis, Tennessee with his family when he was only 13 years old.",0.0
426,426,Dylan's Candy Bar,4,"Oh my, I am quite far from all these places. But I visit NYC every summer so I will check it out next time!","Dylan's Candy Bar is a chain of boutique candy shops in New York City, East","It stocks 7,000 candies from around the world.",The flagship location is the New York City store on 60th Street and 3rd Avenue! It's considered a must-see for many tourists and celebrities!,0.0
427,427,Dylan's Candy Bar,3,Who is Dylan Lauren?,Dylan Lauren is a fashion designer. His daughter owns a candy bar.,"Lauren said that her goal was to ""merge fashion, art and pop candy culture"".",She is an american entrepreneur!,0.6666666666666666
431,431,Elvis Presley,4,"Oh okay, interesting. Is it true he died on the toilet? Lol","Elvis Presley's first RCA single, ""Heartbreak Hotel"", was released in","Presley's first RCA single, ""Heartbreak Hotel"", was released in January 1956 and became a number one hit in the United States.","I'm really not sure about the details of his death. But on a lighter note, he had a series of successful network television appearances and chart-topping records which made he become the leading figure of the newly popular sound of rock and roll.",0.2666666666666667
444,444,Guns N' Roses,4,"YES! Dream Theatre has like 15 albums, they're immensely talented.","Apprentice: I like Dream Theatre, Shadow Gallery, and a lot of progressive metal.",V for Vendetta is a British graphic novel written by Alan Moore and illustrated by David Lloyd (with additional art by Tony Weare).,I know a bit more about Shadow Gallery to be honest - the comic they took their name from (V for Vendetta) is one of my absolute favourites,0.0
450,450,Harry Potter,4,"Yes, it is well suited to that.  I know you can find out what 'house' you'd be in at Hogwarts online.",Wizard: I've heard that there is a lot of Harry Potter fandom.,"They have attracted a wide adult audience as well as younger readers, and are often considered cornerstones of modern young adult literature.","That's interesting. I always liked the core friendship between Harry Potter, Hermione and Ron Weasley. I know Universal Studios has a Harry Potter attraction.",0.0
453,453,Discovery Channel,4,When did it start?,"Dirty Jobs premiered on July 26, 2005, running for eight seasons until September 12, 2012.","It returned as a series on July 26, 2005, running for eight seasons until September 12, 2012.",Well the show was produced by Pilgrim Films & Television which originally premiered three pilot episodes back in November 2003.,0.5
454,454,Bowling,4,I have never heard that term! That,Wizard loves bowling. He goes bowling at least a few times a month.,"While professional ten-pin bowling tournaments are held in numerous countries, the sport is commonly played as a hobby by millions of people around the world.",I didn't hear it until I got one and it showed up on the screen lol. I just try to knock down as many pins as I can (of course :),0.0
458,458,Guns N' Roses,4,Yes I have when was the band formed,"Wizard: They were formed in Los Angeles, California in 1986. Their only number one song,","The lineup, when first signed to Geffen Records in 1986, consisted of vocalist Axl Rose, lead guitarist Slash, rhythm guitarist Izzy Stradlin, bassist Duff McKagan, and drummer Steven Adler.",They' formed in 1985 in California! Isn't that unbelievable!?,0.0
461,461,Cardigan (sweater),3, my favorite cardigan right now  is a beige one,Apprentice wears cardigans because they make her look more cultured. Wizard likes the,A cardigan is a type of knitted garment (sweater) that has an open front.,"Thats a good color choice, I have one that was made in a machine, But I do prefer the hand-knitted ones if I can find them.",0.0
477,477,Elvis Presley,3,What would you say were his greatest hits?,"Elvis Aaron Presley (January 8, 1935 – August 16, 1977) was an American singer,","Elvis Aaron Presley (January 8, 1935 – August 16, 1977) was an American singer, musician, and actor.","I would say his greatest hit would be his last one, where he hit the ground when he died. I do know his career started back in 1954.",0.3157894736842105
481,481,Bowling,3,"Oh yes, it's great. How many forms of bowling is there?","Five-pin bowling is a bowling variant which is played in Canada, where many","Five-pin bowling is a bowling variant which is played in Canada, where many bowling alleys offer it, either alone or in combination with ten-pin bowling.",There are lots of forms.  I love Ten-pin bowling.  ,1.0
496,496,Guns N' Roses,3,"Generally yea. But, I assume you've heard at least one of their songs even if you didn't realize it.","GNR's ""Appetite for Destruction"" is my favorite Guns N","Guns N' Roses has released six studio albums, accumulating sales of more than 100 million records worldwide, including 45 million in the United States, making them the 41st best-selling artist of all time.","I am sure I have.  I terrible at remembering names of songs and groups they go with.  I see they were formed in 1985 in Los Angeles, California?",0.0
498,498,Instagram,4,Interesting. Glad that it's available for Android now. Do a lot of people us Instagram? ,Instagram is a free mobile and destop application that allows it's users to share pictures,"They can add hashtags to their posts, linking the photos up to other content on Instagram featuring the same subject or overall topic.",Yes the apps popularity caused an Android version to be released in 2012,0.125
509,509,Bowling,4,Are there any names for getting more than three strikes? Is getting four strikes called anything?,"Wizard: Well, it's called a turkey, but it's not the only","Further strings of strikes are referred to as the number with the word ""bagger"", such as ""four-bagger"" for four consecutive strikes.","I believe some people call four strikes in a row a ""hambone"". How odd.",0.0
511,511,Bowling,3,"Same, it was fun while in highschool.","Wizard: I used to be really into bowling, which is an activity where you roll or","In pin bowling variations, the target is usually to knock over pins at the end of a lane.","I had a lot of fun with it back then too. It is one of the major types of throwing sports today, which really didn't surprise me.",0.13333333333333333
521,521,John Grisham,3,I have always heard that. Does he still write new book? Is he still alive?,"John Grisham is an American bestselling writer, attorney, politician, and activist.","The book was adapted into a 1993 feature film of the same name, starring Tom Cruise, and a 2012 TV series which ""continues the story of attorney Mitchell McDeere and his family 10 years after the events of the film and novel.""","Yes hes 63 today, And as of 2012, his books have sold an astounding 275 million copies worldwide.",0.0
525,525,Guns N' Roses,4,i will check them out :) what genre is their music?,"Guns N' Roses' debut album, Appetite for Destruction was released in","Guns N' Roses' debut album, ""Appetite for Destruction"" (1987), reached number one on the ""Billboard"" 200 a year after its release, on the strength of ""Sweet Child o' Mine"", the band's only single to reach number one on the ""Billboard"" Hot 100.","They're considered to be an American hard rock band based out of Los Angeles, California. Besides their rock stuff, they put out a bunch of great ballads!",1.0
526,526,Green,4,"I want to say most plants are green because of that stuff in them, chlorophyll I think? ","Wizard: Yes, I think so. It's the color between blue and yellow on the","Conversely, it is a poor absorber of green and near-green portions of the spectrum, which it reflects, producing the green color of chlorophyll-containing tissues.",Right!  It allows plants to absorb energy from light - and is essential in photosynthesis,0.0
528,528,Stock market,4,Who uses the stock exchange?,"Wizard: ok, equity market or share market is the aggregation of buyers","Stock exchanges list shares of common equity as well as other security types, e.g.","buy and sell shares of stock, bonds",0.0
530,530,John Grisham,3,Does he have any best sellers?,John Grisham wrote a book about criminal law.,"The book was adapted into a 1993 feature film of the same name, starring Tom Cruise, and a 2012 TV series which ""continues the story of attorney Mitchell McDeere and his family 10 years after the events of the film and novel.""","Yes he does. His first novel, ""A Time to Kill,"" was published in June 1989, and went on sell 2 million copies!",0.0
533,533,Green,4,Emeralds are pretty. What other minerals are green?,Wizard: There are several minerals that are green in color such as emeralds,"For this reason, the costume of the ""Mona Lisa"" by Leonardo da Vinci and the benches in the British House of Commons are green while those in the House of Lords are red.","Oh so many, but I forget, Emeralds are the most common ones though. I bet you know that green has a long historical tradition as the color of Ireland!",0.0
534,534,Green,3,Yes! Green is also one of the main colors in the RGB color model I believe. It is also a great shirt color.,Apprentice: I love green. It is also one of the main colors in the RGB color model,"In subtractive color systems, used in painting and color printing, it is created by a combination of yellow and blue, or yellow and cyan; in the RGB color model, used on television and computer screens, it is one of the additive primary colors, along with red and blue, which are mixed in different combinations to create all other colors.",I have heard Green has a dominant wavelength of roughly 495570 nm,1.0
535,535,Elvis Presley,3,Can you tell me more about him? Like where he lived?,"Elvis Presley lived in Memphis, Tennessee.","It is located at 3764 Elvis Presley Boulevard in the vast Whitehaven community, about 9 miles (14.5 km) from Downtown and less than four miles (6 km) north of the Mississippi border.","Yeah! He was born in Tupelo, Mississippi and moved to Memphis when he was 13 years old.",0.0
545,545,Ireland,4,That's what I thought!  What kind of government does Ireland have?,Wizard: It is a parliamentary democracy.,About five-sixths of the island of Ireland seceded from the United Kingdom in 1921 as the Irish Free State.,Well Ireland is divided between the Republic of Ireland and Northern Ireland.  Northern Ireland is part of the UK,0.0
546,546,Kurt Cobain,4,oh yea? i didnt know that,"Kurt Kobain was born in Aberdeen, Washington.","Nirvana's debut album ""Bleach"" was released on the independent record label Sub Pop in 1989.",Yeah Cobain formed the band Nirvana with Krist Novoselic and Aaron Burckhard in 1987,0.0
550,550,Auto racing,4,Haha I know - doesn't stop me trying though!! My other half is in to all that and has been to watch formula one racing.,Wizard: I've been to watch Formula One racing. It's really exciting.,The minimum weight permissible is including the driver but not fuel.,Maybe it will make you feel better to know that Formula One got its name from having a set of rules (formula) to which cars must conform.  Increases safetly.,0.13333333333333333
554,554,Elvis Presley,3,"yes, I do. I am familiar with his big hits",Elvis Presley is a cultural icon.,"Regarded as one of the most significant cultural icons of the 20th century, he is often referred to as the ""King of Rock and Roll"" or simply ""the King"".",He was born Elvis Aaron Presley!  I actually really like his whole name.,0.0
557,557,Elvis Presley,4,"That makes sense, his music was very similar in sound to that of African American music back in the day. I'd love to hear more!","Elvis Aaron Presley was a famous musician and singer known as the ""King of Rock","Presley's first RCA single, ""Heartbreak Hotel"", was released in January 1956 and became a number one hit in the United States.","Yes.  His music was not always accepted by the masses.  The youth truly enjoyed his uptempo, backbeat-driven music.  Elvis as a pioneer in fusing country music with rhythm and blues.  His style was original and unique for its time!",0.5
559,559,Elvis Presley,4,That's actually one of my favorite songs by him. If I had to choose it would be that or Jailhouse Rock.,Wizard: I've heard that Elvis Presley was a singer and actor back in the,"Presley was born in Tupelo, Mississippi, and relocated to Memphis, Tennessee, with his family when he was 13 years old.","That was a very popular song. He didn't write it though, but then again most artists don't.",0.6666666666666666
560,560,Cheerleading,3,Thats awesome. Do you take part in cheerleading competitions?,"Apprentice: Yeah, I used to do a little bit of cheerleading when I was younger","Cheerleading originated in the United States, and remains predominantly in America, with an estimated 1.5 million participants in all-star cheerleading.",Somtimes its is more of a intense physical activity now-a-days but sometimes we still do chants.,0.0
561,561,Cod,4,What do you mean?,"Wizard: Native American Party, renamed the American Party in 1855 and commonly in","Cod is the common name for the genus ""Gadus"" of demersal fishes, belonging to the family Gadidae.","Know Nothings"" believed a ""Romanist"" conspiracy was afoot to subvert  politically organize native-born Protestants .",0.0
578,578,The Walking Dead (TV series),3,"Well, after a few seasons, it really just felt tooooo dark and inescapable. I guess zombies will do that to you...! What's your favorite game?",Apprentice: I like zombie games. Wizard: I like zombie games too. I play on the,"A version for iOS was released in February 2010, and an HD version for the iPad.",I enjoy strategy games the most.  One of my favorites is Plants Vs. Zombies.  Have you played that one?  It's about homeowners that use plants to try and stop zombies from invading.,0.0
579,579,Elvis Presley,4,"Yes, it is so sad, and speaking of heart it is said that he died from a heart attack.","Wizard: I love Elvis music. He died on August 16, 1977.","With a series of successful network television appearances and chart-topping records, he became the leading figure of the newly popular sound of rock and roll.",Well he was into a lot of drugs I mean he had been singing since 1954 recording for Sun Records so I'm sure he was partying for at least 2 decades,0.0
580,580,Gymnastics,3,"Hehe you can try it, and then maybe you become flexible :D be sure to use a lot of chalk before you try, it really helps your grip",Apprentice's favorite hobby is amateur gymnastics. Wizard has never tried it.,"It typically involves the women's events of vault, uneven bars, balance beam and floor exercise.","Have you ever been involved in competitive artistic gymnastics which is the best known of events? And by the way, I would need MORE than chalk! lol",0.0
593,593,American football,4,"oh wow that sounds complex, where do they play these foot ball at ?",Wizard: at a field with goalposts.,"American football, referred to as football in the United States and Canada, and also known as gridiron football or simply gridiron, is a team sport played by two teams of eleven players on a rectangular field with goalposts at each end.",Usually its a rectangular field some teams have stadiums,0.04545454545454545
595,595,Genghis Khan,3,Didn't that empire stretch over most of the continent and then some?,Khan was born circa 1162 and died in 1227. He was the founder of the Mon,"His descendants extended the Mongol Empire across most of Eurasia by conquering or creating vassal states in all of modern-day China, Korea, the Caucasus, Central Asia, and substantial portions of Eastern Europe and Southwest Asia.","Yes, by the end of Khan's life, the Mongol Empire stretched across Central Asia and China.",0.0
599,599,Green,3,That makes sense! I remember mixing blue and yellow paint in school to make green.  My favorite shade is like an emerald green.,The Wizard explains that green is the color between blue and yellow.,It is evoked by light which has a dominant wavelength of roughly 495570 nm.,"By far the largest contributor to green in nature is chlorophyll, the chemical by which plants photosynthesize ",0.0
609,609,Elvis Presley,3,"That's long ago, how long did his career last?",Elvis Presley began his career way back in 1954.,"Regarded as one of the most significant cultural icons of the 20th century, he is often referred to as the ""King of Rock and Roll"" or simply ""the King"".","Well he died in 1977, at the age of 42.  That ended is career as a singer and actor",0.0
611,611,Elvis Presley,3,"Yes, I love that song! I really like his version of ""My Way""","Elvis Presley's first RCA single, ""Heartbreak Hotel"", was released in","Presley's first RCA single, ""Heartbreak Hotel"", was released in January 1956 and became a number one hit in the United States.",Elvis started his music career in 1954 recording at Sun Records with producer Sam Phillips.,0.2666666666666667
617,617,Elvis Presley,4,"wow, my husband is from Mississippi! I bet they have Elvis museum somewhere in MS","Elvis Presley's first RCA single, ""Heartbreak Hotel"", was released in","Presley's first RCA single, ""Heartbreak Hotel"", was released in January 1956 and became a number one hit in the United States.","I'm sure there is, there is definetely one in Memphis. Elvis began his music career in 1954.",0.2666666666666667
620,620,Goldendoodle,3,Which breeds are crossed? Is one a poodle?,The Goldendoodle is a cross-breed dog.,The Goldendoodle was first bred by Monica Dickens in 1969.,"the name  alters ""poodle"" to ""doodle"" by analogy to ""Labradoodle"", was coined in 1992",0.0
625,625,Elvis Presley,3,"Yes I do!  His mansion, Graceland is amazing to tour too. ",Apprentice: I like Elvis Presley's songs. Do you? Wizard: Yes I do,"Craps is a dice game in which the players make wagers on the outcome of the roll, or a series of rolls, of a pair of dice.","I wish I could of been there for that, I bet it's amazing! It's no wonder that he is the King of Rock. With all his hit songs",0.0
626,626,Consulting firm,4,I need help with my own future planning. I may need a consultant at some point.,"Wizard: Management consulting is the practice of helping organizations to improve their performance, operating primarily through",Consulting services are part of the tertiary sector and account for several hundred billion dollars in annual revenues.,"Sure!  We all need it. Also, The deliverable of a consultant is usually an advise or a recipe to follow to achieve a company objective, ",0.1111111111111111
633,633,Guns N' Roses,3,"It is amazing. They formed in 1985 in Las Angeles, Ca. ","Guns N' Roses' debut album, ""Appetite for Destruction""","Guns N' Roses' debut album, ""Appetite for Destruction"" (1987), reached number one on the ""Billboard"" 200 a year after its release, on the strength of ""Sweet Child o' Mine"", the band's only single to reach number one on the ""Billboard"" Hot 100.","Yeah! It was cool to hear that their twin albums ""Use Your Illusion I"" and ""Use Your Illusion II"" (1991) debuted at number two and number one on the ""Billboard"" 200 respectively and have sold a combined 35 million copies worldwide, including 14 million units in the United States.",1.0
639,639,Green,3,Really I did not know that you must know about your colors do you like green kale shakes?,Apprentice: I do. I like green kale shakes.,"Green beans are known by many common names, including French beans, string beans, snap beans, and snaps.",I am not a huge fan of kale which is basically leaf cabbage.,0.0
644,644,Instagram,3,That's what I don't get.  I can share pictures on Facebook with a narrative.  Instagram doesn't have much writing.  Is that what people want now?,"Instagram is a photo sharing app and is used on mobile, internet and desktop. The users",Instagram lets registered users upload photos or videos to the service.,"Facebook actually owns Instagram, so I don't know why it wouldn't be a bit more similar in that area.",1.0
647,647,Cheerleading,4,"That would make sense, as that was a big movie.","Wizard: Yes, it really got popular around 2000 when the movie ""Bring It On""",Cheerleading began during the late 18th century with the rebellion of male students.,"Yeah, it really helped to explode it into the limelight. There's over 1.5 million people completing in all-star cheerleading!",0.2222222222222222
654,654,Hot dog,4,This type of sausage was culturally imported from Germany and popularized in the United States,Hot dogs are a great casual food with sausage in a bun.,"Typical garnishes include mustard, ketchup, onions, mayonnaise, relish, coleslaw, cheese, chili, olives, and sauerkraut.","Yea, they are also classified as sausage sandwiches",0.0
661,661,John Grisham,3,Do you know where he lives?,John Grisham lives in Mississippi.,John Grisham graduated from Mississippi State University before attending the University of Mississippi School of Law in 1981.,"He lives outside Oxford, Mississippi. His books have been translated into 42 languages.",0.0
667,667,Kurt Cobain,3,Ohh wow I didn't know that he was on Nirvana.,"Kurt Cobain was an american singer, and musician lead singer of the band Nir","The Seattle Police Department incident report states: ""Kurt Cobain was found with a shotgun across his body, had a visible head wound and there was a suicide note discovered nearby.""","Yes, Cobain was the lead singer and guitarist and the founding member of Nirvana",0.0
668,668,Elvis Presley,3,Personally I always preferred Johnny Cash over Elvis but you cannot deny that he had the moves,"Elvis Presley's first RCA single, ""Heartbreak Hotel"", was released in","Presley's first RCA single, ""Heartbreak Hotel"", was released in January 1956 and became a number one hit in the United States.",I mean he was a pioneer of uptempo rockabilly music. It don't get much better than that.,0.2666666666666667
678,678,Cardigan (sweater),3,"from what I understand, Cardigans have buttons, to distinguish from others",Wizard: I like sweaters because they're warm and cozy in my opinion.,A more modern version of the garment has no buttons and hangs open by design.,"Yeah, I think cardigans that don't have buttons would be considered robes.",0.0
682,682,Dylan's Candy Bar,3,"Sure, I'd love to hear about it. What kinds of things do they make?",Dylan's Candy Bar is a chain boutique candy shop located in the U.S.,"It is owned by Dylan Lauren, daughter of fashion designer Ralph Lauren.","They claim to be the largest unique candy store in the world, which was inspired by Roald Dahl's story of the Willy Wonka Chocolate Factory.",0.0
685,685,John Grisham,4,Is it the one that had Tom Cruise? I think The Firm?,"John Grisham's first novel, ""A Time to Kill,"" was published in","His first novel, ""A Time to Kill,"" was published in June 1989, four years after he began writing it.","No, it was ""A Time to Kill"". It took him 4 years to write.",0.6
686,686,Genghis Khan,3,oh yea and he conquered so much so fast,Genghis Khan conquered so much in history.,These campaigns were often accompanied by large-scale massacres of the civilian populations – especially in the Khwarazmian and Western Xia controlled lands.,"after he named himself genghis, he proceeded to capture most of uerasia",0.0
689,689,Elvis Presley,3,Aw im sorry to hearthat. he was before my time as well. do you know anyone who listned to him?,"Elvis Presley's first RCA single, ""Heartbreak Hotel"", was released in","Presley's first RCA single, ""Heartbreak Hotel"", was released in January 1956 and became a number one hit in the United States.","Not exactly, but I know everyone loved him and called him the king or rock and roll",0.2666666666666667
698,698,Elvis Presley,3,Very talented man. I also remember the day he died - I was at work as a server in a pub and the news came over the radio. Very sad.,"Elvis Aaron Presley (January 8, 1935 – August 16, 1977) was an American singer,","Elvis Aaron Presley (January 8, 1935 – August 16, 1977) was an American singer, musician, and actor.","Yes, August 16th, 1977 was a very sad day for many people, especially his fans.",0.3157894736842105
699,699,Dylan's Candy Bar,4,"Wow, it must get extra attention with that kind of affiliation",Dylan's Candy Bar is located on 60th Street and 3rd Avenue in New York,"The New York City store, located on 60th Street and 3rd Avenue, is the flagship store.","I'm sure it does. She based the store off the story, ""Willy Wonka and the Chocolate Factory.""",0.0
704,704,Cardigan (sweater),4,Haha those are my favorite. I love to go to GoodWill or Salvation Army to find the ones from the 80s!,Wizard: I love the ugly Christmas sweaters. I love to go to GoodWill or,"It is present in 128 countries, running charity shops, operating shelters for the homeless and disaster relief and humanitarian aid to developing countries.",That is awesome!  The Salvation Army is a great charity organization,0.0
706,706,Harry Potter,4,I love the stories theme of her stories and how she made them grow up in each book,"JK Rowling's Harry Potter series has been praised by many, including the author","The series has also had its share of criticism, including concern about the increasingly dark tone as the series progressed, as well as the often gruesome and graphic violence it depicts.","Yes, a wonder chronicle and Hogwarts fits a whitchcraft and wizard school.",0.0
707,707,Cheerleading,3,"Thats a lot of people, I guess I would have thought more though.",Cheerleading is still popular among kids. It was originated in America. Around 1.5 million participants,"Varsity Spirit Corp. is an American organization that sells cheerleading and dance apparel, trains cheerleaders and dancers at educational camps and hosts cheerleading competitions.",I think it's a fair number as they are mostly to motivate sports teams and entertain the audience. I assume there are so many teams to cheer for!,0.0
713,713,Skiing,3,He does it as a competitive winter sport.,Apprentice: He does it as a competitive winter sport.,"Norway won the most medals with twelve and most golds with five, all in the men's cross-country skiing events, including three from Petter Northug.",That's awesome. My favorite form of skiing is cross-country skiing. I love the mountainous terrain as well as groomed courses. You experience a bizarre rush going down a mountain/hill! ,0.0
715,715,Guns N' Roses,3,"I've heard that before.. but what's interesting about them? So, first off, I can't even remember what decade they're from. '80s? '70s?","Guns N' Roses' debut album, ""Appetite for Destruction""","Guns N' Roses' debut album, ""Appetite for Destruction"" (1987), reached number one on the ""Billboard"" 200 a year after its release, on the strength of ""Sweet Child o' Mine"", the band's only single to reach number one on the ""Billboard"" Hot 100.","The lineup, when first signed to Geffen Records in 1986 so they consider themselves an 80s band. ",1.0
722,722,Kurt Cobain,4,I'm not too familiar with the Foo Fighters.  What popular songs did they sing?,Dave Grohl of the Foo Fighters is a musician.,He is the drummer and co-founder of the rock supergroup Them Crooked Vultures.,"My favorite song is ""Big Me"" on their debut album called ""Foo Fighters"".",0.0
726,726,Paramedic,3,what aspect of healthcare do they handle?,"A paramedic is a healthcare professional, predominantly in the pre-hospital and out-","A paramedic is a healthcare professional, predominantly in the pre-hospital and out-of-hospital environment, and working mainly as part of emergency medical services (EMS), such as on an ambulance.","THeir range of practice usually varies between countries, but usually includes autonomous decision and making around the emergency care of patients",0.0
732,732,Dylan's Candy Bar,3,I haven't heard about it. All I know is this candy bar is delicious! ,"Dylan Lauren created the store, which is asserted to be the ""largest unique","Lauren was inspired to create the store, which is asserted to be the ""largest unique candy store in the world"", by the Roald Dahl story of ""Willy Wonka & the Chocolate Factory"".","Yes, she owns the chain! Dylan's candy bar is stocked over 7,000 around the world.",0.0
735,735,Dylan's Candy Bar,4,Candy shop turned boutique where cloths are sold?,"Dylan's Candy Bar is owned by Dylan Lauren, daughter of fashion designer Ralph Lauren.","It is owned by Dylan Lauren, daughter of fashion designer Ralph Lauren.","No it doesn't make clothes, boutique as in artisinal! It was inspired by Willy Wonka",0.5
747,747,Green,3,"I would think blue would be the most known color in the world, than green.","Wizard: Blue is the most known color in the world, than green.",Green is the color between blue and yellow on the visible spectrum.,"Many other creatures would beg to differ, a lot of them have adapted to their green environments by taking on their own green color to their skin.",0.0
750,750,Nickelback,3,Really? I thought they were American.,"Nickelback is a Canadian rock band formed in 1995 in Hanna, Alberta, Canada.","Nickelback is a Canadian rock band formed in 1995 in Hanna, Alberta, Canada.",nope they formed as a band in 1995,1.0
752,752,Elvis Presley,3,"I agree, what is your favorite Elvis song?","Elvis' music career began there in 1954, recording at Sun Records with producer Sam Phillips,","His music career began there in 1954, recording at Sun Records with producer Sam Phillips, who wanted to bring the sound of African American music to a wider audience.","""heartbreak hotel""! it was released in january 1956. what about you?",0.6952380952380951
753,753,Skiing,4,I watched some of the games.  Really?  That long ago?  I had no idea.,"The first Winter Olympics were held in Chamonix, France, in 1924.","The first Winter Olympics, the 1924 Winter Olympics, was held in Chamonix, France.",Actually the concept stretches back to the 8th century BC.,0.125
755,755,Kendrick Lamar,3,Yeah I've noticed that he is ridiculously popular at this point.,Kendrick Lamar is a huge rapper.,"Kendrick Lamar Duckworth (born June 17, 1987) is an American rapper and songwriter.",yea and Kendrick Lamar is quite young for a popular rapper,0.2857142857142857
763,763,John Grisham,3,Wow! Really versatile and prolific I must say,"John Grisham's first bestseller, ""The Firm"", sold more than seven million","Grisham's first bestseller, ""The Firm"", sold more than seven million copies.",Most definetly!  He is best known for his popular legal thrillers,0.25
764,764,Irish coffee,3,"Also, coffee! : ) ","Joe Sheridan, a head chef at the restaurant and coffee shop in the Foy","Different variations of coffee cocktails pre-date the now-classic Irish coffee by at least 100 years, before Joe Sheridan, a head chef at the restaurant and coffee shop in the Foynes Airbase Flying boat terminal building, County Limerick played his part in 1942 or 1943 after a group of American passengers disembarked from a several-hour failed Atlantic crossing due to bad weather conditions on a Pan Am Clipper flying boat.","Yea, coffee too. You are not supposed to use whipped cream but modern recipes do so.",0.3333333333333333
766,766,Dylan's Candy Bar,3,and what is it made of though?,Dylan's Candy Bar is a chain of boutique candy shops and candy supplier currently located in,"Dylan's Candy Bar is a chain of boutique candy shops and candy supplier currently located in New York City; East Hampton, New York; Los Angeles, Chicago and Miami Beach, as well as in wholesale venues around the globe.","Its not a candy bar that is the name of a chain of candy stores owned by Dylan Lauren, Ralph Laurens daughter",1.0
769,769,Instagram,4,Pretty cool. I love all the nice photo filters they have. It adds a nice touch to photos. ,Instagram was created by Kevin Systrom and Mike Krieger as a free mobile app exclusively for,"They can add hashtags to their posts, linking the photos up to other content on Instagram featuring the same subject or overall topic.","Yes, and then can even add locations through geotags!",0.125
770,770,Guns N' Roses,3,Yeah I guess it'd be easier to type it that way. I wonder what their first song was?,"""Sweet Child o' Mine""","Guns N' Roses' debut album, ""Appetite for Destruction"" (1987), reached number one on the ""Billboard"" 200 a year after its release, on the strength of ""Sweet Child o' Mine"", the band's only single to reach number one on the ""Billboard"" Hot 100.","Oh it was Appetite for Destruction, killer tune! 1987",1.0
773,773,Kurt Cobain,4,yea really shook up the scene,"Wizard and Apprentice are discussing Nirvana's debut album ""Bleach"".","Nirvana's debut album ""Bleach"" was released on the independent record label Sub Pop in 1989.","i didn't even know he struggled with a heroin addiction, that definitely doesn't help",1.0
782,782,American football,4,"Yep. The so-called ""War on I-4.""",Wizard: I'm a big fan of football. In college I would go to the,"The UCF Knights are the athletic teams that represent the University of Central Florida in Orlando, Florida.","Their head coach Josh Heupel used to me an offensive coordinator at my school, The University of Missouri.",0.0
783,783,Elvis Presley,3,"True, but that is really just because he was first","Elvis Presley's music career began in 1954, recording at Sun Records with producer Sam Phillip","His music career began there in 1954, recording at Sun Records with producer Sam Phillips, who wanted to bring the sound of African American music to a wider audience.",I think Elvis spent most of his time in the south. Mainly in Mississippi and Tennessee,0.5
791,791,Broken heart,3,That's a rough day for it. I had my heart broken once by a girl because her sister was jealous of us. Her sister claimed that she and I had a thing and my giriflriend (at the time) believed the lie.,"Paulini's ""Rough Day"" is a song by Australian recording artist Paul","""Rough Day"" is a song by Australian recording artist Paulini, taken from her second studio album, ""Superwoman"" (2006).","That's like rough day, the song",0.1111111111111111
800,800,Dylan's Candy Bar,4,That's interesting. I wonder what gave her the idea to start it?,"Dylan Lauren, the daughter of the American fashion designer Ralph Lauren, started Dylan's Candy Bar","It stocks 7,000 candies from around the world.","Supposedly she was inspired by Willy Wonka and the Chocolate Factory, by Roald Dahl. ",0.0
805,805,Hot dog,4,i meant more like beef or polish but that works! they are all good,Wizard: I really love hotdogs. In case you didn't know they are ,no_passages_used,"Oh ok, Yeah I know that some types of hot dog sausages are imported from Germany and popularized in the US, Hot Dogs became a working-class street food sold at hot dog stands and carts usually in cities like New York..",0.0
806,806,American football,4,awesome alot of people don't support us or think what we do isn't important so it's nice to hear that.  So tell me more what an offensive lineman does,"Thomas Edward Patrick Brady Jr. (born August 3, 1977) is an American football quarterback for the","Thomas Edward Patrick Brady Jr. (born August 3, 1977) is an American football quarterback for the New England Patriots of the National Football League (NFL).",Mainly running as fast as he can. I take my inspiration from Jake Long who was a former offensive tackle in American football history,1.0
807,807,Kendrick Lamar,4,I don't think I've heard that.  Has he won any awards?,"Kendrick Lamar's album ""Thuggish"" was certified platinum by the Record","It debuted at number two on the US ""Billboard"" 200 chart and was later certified platinum by the Recording Industry Association of America (RIAA).","He worked with prominent artist like The Game, Busta Rhymes, and Snoop Dogg",0.05555555555555556
811,811,Neurosurgery,4,"It sounds like a debilitating disease, good to hear there is treatment ",Wizard: Multiple Sclerosis is a demyelinating disease in which the insul,"Multiple sclerosis can cause a variety of symptoms: changes in sensation (hypoesthesia), muscle weakness, abnormal muscle spasms, or difficulty moving; difficulties with coordination and balance; problems in speech (dysarthria) or swallowing (dysphagia), visual problems (nystagmus, optic neuritis, phosphenes or diplopia), fatigue and acute or chronic pain syndromes, bladder and bowel difficulties, cognitive impairment, or emotional symptomatology (mainly major depression).","The main clinical measure in progression of the disability and severity of the symptoms is the Expanded Disability Status Scale or EDSS, if you ever see these symptoms please do consult your local doctor, of course we have some kind of treatment but i hope that in the future technology advances very far where we can completely cure people of this disease  ",0.0
813,813,Green,3,"Thats a cool choice! i was in a psychology class and learn that green is a lively color, and it symbolizes renewal and growth. you know what blue symbolizes?","The Green Bay Packers are a professional American football team based in Green Bay, Wisconsin.","The Green Bay Packers are a professional American football team based in Green Bay, Wisconsin.",I don't but I think that the colour blue might symbolize cold and calm?,1.0
821,821,Genghis Khan,3,I actually know a lot about him. I have a masters in History. Did you know he was born in Delüün Boldog in 1162,Genghis Khan was born in Delüün Boldog in 1162. He was,Genghis Khan died in 1227 after defeating the Western Xia.,Yes I did know that and he came to power by uniting the nomadic tribes of Northeast Asia.,0.4
826,826,Elvis Presley,4,Kinda not surprising. Justin Timberlake is kind of the same way: acting career on top of a pretty successful music career. Where was Elvis from?,"Elvis Aaron Presley was from Memphis, Tennessee.","Accompanied by guitarist Scotty Moore and bassist Bill Black, Presley was a pioneer of rockabilly, an uptempo, backbeat-driven fusion of country music and rhythm and blues.","He was born in Tupelo, Mississippi but later relocated to Memphis, Tennessee with his family when he was 13/",0.11764705882352941
828,828,Instagram,3,Yes it is. Do you know when it was created?,"Apprentice: Yes, it was created in 2010 by Evan Spiegel and Bianca Jagger.",It is owned by Facebook.,It was created in October of 2010 by Kevin systrom and Mike Krieger and it originally launced exclusively for the iOS operating system,0.0
836,836,Dylan's Candy Bar,4,i meant it is chocolate or fruity candy,Dylan's Candy Bar is a chain of boutique candy shops and candy supplier currently located in,"Dylan's Candy Bar is a chain of boutique candy shops and candy supplier currently located in New York City; East Hampton, New York; Los Angeles, Chicago and Miami Beach, as well as in wholesale venues around the globe.",Its not a candy bar its a place to buy candy. Like a candy shop.,1.0
842,842,Kurt Cobain,4,That's interesting. It seems to be more like a blues guitar than a rock guitar. Does that make sense?,"Wizard: Yes, it's a hybrid of the Jaguar and Mustang Fender guitars",An electric guitar is a guitar that uses one or more pickups to convert the vibration of its strings into electrical signals.,"I sort of get what you're saying. I know the Mustang was a pretty cool guitar, having a unique vibrato system and two single-coil pickups.",0.0
847,847,American football,3,"I think I just liked it because my uncle did, we were 4 yrs apart and like brother and sister, we watched together","Apprentice: I used to like American Football a lot. Wizard: Me too, but not","A quarterback (commonly abbreviated ""QB"") is a position in American and Canadian football.",I loved it when my team went to the spread offense.   The no huddle approach is so exciting,0.0
852,852,Kurt Cobain,4,"Oh I see, I think I have heard of him. What are his famous songs or albums?","Kurt Cobain is a songwriter, a musician, and an American singer","After signing with major label DGC Records, Nirvana found breakthrough success with ""Smells Like Teen Spirit"" from their second album ""Nevermind"" (1991).","he was the singer for Norvana, their album Bleach was released in 1989",0.0
855,855,Broken heart,4,i did not know that either tell me more,Wizard: I recently discovered that broken heart syndrome can actually lead to real physical damage to the heart,"The ""social-attachment system"" uses the ""pain system"" to encourage humans to maintain their close social relationships by causing pain when those relationships are lost.","Well, some experts believe that the emotional pain of a broken heart is part of humans' survival instinct! Can you guess why?",0.0
873,873,Kurt Cobain,3,"Yes, he was!  His music was wonderful and his loss was one of many musician tragedies.","Kurt Cobain's debut album ""Bleach"" was released on the independent","Nirvana's debut album ""Bleach"" was released on the independent record label Sub Pop in 1989.","Cobain was born in Aberdeen, Washington",0.0
877,877,Elvis Presley,4,ITS TOO BAD ,Elvis was born in 1935.,"With a series of successful network television appearances and chart-topping records, he became the leading figure of the newly popular sound of rock and roll.",he pioneered rockabilly how neat is thaty,0.07999999999999999
887,887,Bowling,3,What is the object of the game? ,Bowling is a sport or leisure activity.,"A strike is when all the pins are knocked down on the first roll, whereas a spare is when all the pins are knocked over on the second shot.",i think the target is usually to knock over pins at the end of a lane,0.0
895,895,Dylan's Candy Bar,3,Oh are they? What kind of candy is it?,Dylan's Candy Bar is a great brand of candy.,"It stocks 7,000 candies from around the world.",Dylan's Candy Bar is a candy supplier,0.0
896,896,Kurt Cobain,4,"For the life of me I can't think of any song titles, but I know I have heard some.","Kurt Cobain, the lead singer of the grunge band Nirvana","On April 8, 1994, Kurt Cobain, the lead singer of the grunge band Nirvana, was found dead at his home, located at 171 Lake Washington Boulevard East in Seattle, Washington.","You probably heard ""Smells Liek Teen Spirit"", it was their big hit. ",0.25
898,898,Guns N' Roses,3,"Yes, the best rock band ever.","Apprentice: Yes, the best rock band ever.","Guns N' Roses' debut album, ""Appetite for Destruction"" (1987), reached number one on the ""Billboard"" 200 a year after its release, on the strength of ""Sweet Child o' Mine"", the band's only single to reach number one on the ""Billboard"" Hot 100.",Cool! When were they formed?,0.0
899,899,Kurt Cobain,4,which is your favorite song sung by him?,Kurt Cobain was a talented singer. Wizard heard his songs regularly. Kurt,"Kurt Donald Cobain (February 20, 1967 – April 5, 1994) was an American singer, songwriter, and musician.",Not sure cobain had so many good songs on Nirvana,0.0
912,912,Ireland,4,"I have never heard of the great potato famine, what is that?","Wizard: It is sometimes referred to, mostly outside Ireland, as the Irish Potato Famine","It is sometimes referred to, mostly outside Ireland, as the Irish Potato Famine, because about two-fifths of the population was solely reliant on this cheap crop for a number of historical reasons.",Over a million people died during that period and another million left Ireland.  It was caused by potato blight.,1.0
914,914,Irish coffee,3,"I have, I thought I came up with it, turns out; I just have a drinking problem. ","Joe Sheridan, a head chef at the restaurant and coffee shop in the Foy","Different variations of coffee cocktails pre-date the now-classic Irish coffee by at least 100 years, before Joe Sheridan, a head chef at the restaurant and coffee shop in the Foynes Airbase Flying boat terminal building, County Limerick played his part in 1942 or 1943 after a group of American passengers disembarked from a several-hour failed Atlantic crossing due to bad weather conditions on a Pan Am Clipper flying boat.","Well it depends on how much whisky you pour lol, I like my Irish coffee strong.",0.3333333333333333
922,922,Green,3,I never heard that before. Why was green associated with the banker class?,Green was associated with bankers in the Middle Ages. It was the color of the bank,It also has a long historical tradition as the color of Ireland and of Gaelic culture.,"Well it was mainly that they wanted to be close to nobility so they wanted an official color too, like Red was for the nobility",0.0
926,926,Accounting,4,That is a long time ago!,"Wizard: Yes, it is. It was established by Luca Pacioli, an","Accounting can be divided into several fields including financial accounting, management accounting, external auditing, tax accounting and cost accounting.","Yea that surprised me also. Accounting is also known as the ""language of business"". It conveys financial information to management, creditors, and investors about an entities position",0.0
933,933,Auto racing,3,What is the best kind of race car?,The best kind of race car is a Formula One car.,The regulations governing the cars are unique to the championship.,"When it comes to auto racing and motorsports, the fastest automobiles are usually formula 1 cars",0.35294117647058826
943,943,Cheerleading,4,True -- and it's not just limited to football games anymore. There are dedicated competitions for cheerleading and cheerleaders -- and they are *serious*!,Cheerleading is an activity where participants cheer for their team! They even do competitive. Apprentice,Cheerleading began during the late 18th century with the rebellion of male students.,"yeah! in fact it can be performed to motivate sports teams, or to entertain the audience, or just for competition.",0.0
951,951,Hot dog,3,I thought frankfurters were different than hot dogs - like higher quality meat?,Apprentice: I thought frankfurters were different from hot dogs - like higher quality,Hot dog variants include the corn dog and pig in a blanket.,"Well, it would interest you to know that there are varieties of hot dogs which may include   corn dog and pig in a blanket.",0.1818181818181818
958,958,Elvis Presley,4,"Yes, he had some very big songs. Do you know what type of music he played? I have no idea what you'd call it.","Elvis Presley's first RCA single, ""Heartbreak Hotel"", was released in","Presley's first RCA single, ""Heartbreak Hotel"", was released in January 1956 and became a number one hit in the United States.","He started in jazz, then helped start what we now call rock. He was known as the King of Rock and Roll.",0.2666666666666667
962,962,Elvis Presley,3,I believe that's what my flyer calls him. I not really a fan but seeing the concert is a little different,Apprentice: I'm going to an Elvis impersonator concert in a few weeks.,"Contrary to popular belief, Elvis impersonators have existed since the mid-1950s, just after Elvis began his career.","I personally don't get what makes it such a big thing.  Like, there's even radio stations that only carry impersonator material.",0.4
966,966,Kendrick Lamar,4,"Oh, no. Sadly I don't, I am only aware of Humble haha. Is rap your favorite music genre?",Kendrick Lamar is a rapper. Apprentice is only aware of Humble.,"Raised in Compton, California, Lamar embarked on his musical career as a teenager under the stage name K-Dot, releasing a mixtape that garnered local attention and led to his signing with indie record label Top Dawg Entertainment (TDE).","It is not, but he is very acclaimed in the genre. His last album won a Grammy award.",0.0
967,967,Skiing,4,My parents love skiing during winter. I used to ski a lot too when i lived in Kazakhstan,Skiing is a winter sport but it can also be used as a means of transportation,Early skiers used one long pole or spear.,It seems that it may also have been practiced more than 100 centuries ago in China according to ancient paintings!,0.0
